Artist,Album,Year,AcclaimedMusic,RollingStone,Average,Difference
The Beach Boys,Pet Sounds,1966,1,2,1.5,1
Marvin Gaye,What's Going On,1971,5,1,3,4
Nirvana,Nevermind,1991,2,6,4,4
The Beatles,Revolver,1966,3,11,7,8
The Clash,London Calling,1979,7,16,11.5,9
The Rolling Stones,Exile on Main St.,1972,10,14,12,4
The Beatles,Abbey Road,1969,20,5,12.5,15
The Velvet Underground & Nico,The Velvet Underground & Nico,1967,4,23,13.5,19
Bob Dylan,Highway 61 Revisited,1965,11,18,14.5,7
The Beatles,Sgt. Pepper's Lonely Hearts Club Band,1967,6,24,15,18
Bob Dylan,Blood on the Tracks,1975,22,9,15.5,13
Public Enemy,It Takes a Nation of Millions to Hold Us Back,1988,18,15,16.5,3
Michael Jackson,Thriller,1982,23,12,17.5,11
Kendrick Lamar,To Pimp a Butterfly,2015,17,19,18,2
Bruce Springsteen,Born to Run,1975,16,21,18.5,5
The Beatles,The Beatles (White Album),1968,13,29,21,16
Kanye West,My Beautiful Dark Twisted Fantasy,2010,26,17,21.5,9
The Jimi Hendrix Experience,Are You Experienced?,1967,14,30,22,16
Bob Dylan,Blonde on Blonde,1966,9,38,23.5,29
Stevie Wonder,Songs in the Key of Life,1976,45,4,24.5,41
Radiohead,OK Computer,1997,8,42,25,34
Patti Smith,Horses,1975,25,26,25.5,1
Joni Mitchell,Blue,1971,49,3,26,46
Prince and The Revolution,Purple Rain,1984,47,8,27.5,39
Radiohead,Kid A,2000,35,20,27.5,15
David Bowie,The Rise and Fall of Ziggy Stardust and the Spiders from Mars,1972,19,40,29.5,21
Miles Davis,Kind of Blue,1959,29,31,30,2
Fleetwood Mac,Rumours,1977,59,7,33,52
The Beatles,Rubber Soul,1965,32,35,33.5,3
Van Morrison,Astral Weeks,1968,15,60,37.5,45
Prince,Sign O' the Times,1987,30,45,37.5,15
Pink Floyd,The Dark Side of the Moon,1973,21,55,38,34
Talking Heads,Remain in Light,1980,37,39,38,2
Stevie Wonder,Innervisions,1973,48,34,41,14
The Rolling Stones,Let It Bleed,1969,42,41,41.5,1
The Jimi Hendrix Experience,Electric Ladyland,1968,31,53,42,22
Ramones,Ramones,1976,41,47,44,6
Led Zeppelin,Led Zeppelin IV,1971,33,58,45.5,25
Sex Pistols,Never Mind the Bollocks - Here's the Sex Pistols,1977,12,80,46,68
Carole King,Tapestry,1971,69,25,47,44
Aretha Franklin,I Never Loved a Man the Way I Love You,1967,87,13,50,74
James Brown,Live at the Apollo,1963,44,65,54.5,21
The Band,The Band,1969,57,57,57,0
The Who,Who's Next,1971,38,77,57.5,39
Paul Simon,Graceland,1986,71,46,58.5,25
John Coltrane,A Love Supreme,1965,52,66,59,14
The Doors,The Doors,1967,36,86,61,50
Wu-Tang Clan,Enter the Wu-Tang (36 Chambers),1993,96,27,61.5,69
Lauryn Hill,The Miseducation of Lauryn Hill,1998,113,10,61.5,103
Guns N' Roses,Appetite for Destruction,1987,63,62,62.5,1
My Bloody Valentine,Loveless,1991,54,73,63.5,19
Television,Marquee Moon,1977,28,107,67.5,79
Michael Jackson,Off the Wall,1979,103,36,69.5,67
The Smiths,The Queen Is Dead,1986,27,113,70,86
R.E.M.,Automatic for the People,1992,46,96,71,50
Sly and the Family Stone,There's a Riot Goin' On,1971,61,82,71.5,21
The Strokes,Is This It,2001,34,114,74,80
Neil Young,After the Gold Rush,1970,60,90,75,30
The Rolling Stones,Sticky Fingers,1971,53,104,78.5,51
Beyoncé,Lemonade,2016,125,32,78.5,93
Dr. Dre,The Chronic,1992,121,37,79,84
Amy Winehouse,Back to Black,2006,127,33,80,94
John Lennon/Plastic Ono Band,John Lennon/Plastic Ono Band,1970,77,85,81,8
David Bowie,Hunky Dory,1971,75,88,81.5,13
Miles Davis,Bitches Brew,1970,80,87,83.5,7
N.W.A,Straight Outta Compton,1988,97,70,83.5,27
The Clash,The Clash,1977,68,102,85,34
OutKast,Stankonia,2000,109,64,86.5,45
Neil Young,Harvest,1972,102,72,87,30
Jay-Z,The Blueprint,2001,124,50,87,74
U2,The Joshua Tree,1987,40,135,87.5,95
De La Soul,3 Feet High and Rising,1989,73,103,88,30
Dusty Springfield,Dusty in Memphis,1969,98,83,90.5,15
Pixies,Doolittle,1989,51,141,96,90
The Band,Music from Big Pink,1968,93,100,96.5,7
Portishead,Dummy,1994,62,131,96.5,69
Frank Ocean,Blonde,2016,114,79,96.5,35
The Stooges,Fun House,1970,104,94,99,10
AC/DC,Back in Black,1980,116,84,100,32
Stevie Wonder,Talking Book,1972,146,59,102.5,87
Jeff Buckley,Grace,1994,58,147,102.5,89
U2,Achtung Baby,1991,82,124,103,42
Lou Reed,Transformer,1972,99,109,104,10
Bruce Springsteen,Darkness on the Edge of Town,1978,118,91,104.5,27
Led Zeppelin,Led Zeppelin II,1969,88,123,105.5,35
Elvis Costello,This Year's Model,1978,92,121,106.5,29
Nas,Illmatic,1994,169,44,106.5,125
Frank Ocean,Channel Orange,2012,66,148,107,82
Beastie Boys,Paul's Boutique,1989,90,125,107.5,35
Aretha Franklin,Lady Soul,1968,143,75,109,68
Van Morrison,Moondance,1970,101,120,110.5,19
The Rolling Stones,Beggars Banquet,1968,39,185,112,146
Eagles,Hotel California,1976,108,118,113,10
Kate Bush,Hounds of Love,1985,163,68,115.5,95
R.E.M.,Murmur,1983,70,165,117.5,95
Sonic Youth,Daydream Nation,1988,64,171,117.5,107
Love,Forever Changes,1967,56,180,118,124
A Tribe Called Quest,The Low End Theory,1991,194,43,118.5,151
The Allman Brothers Band,At Fillmore East,1971,134,105,119.5,29
Oasis,(What's the Story) Morning Glory?,1995,83,157,120,74
Kendrick Lamar,"good kid, m.A.A.d. city",2012,128,115,121.5,13
Led Zeppelin,Led Zeppelin,1969,148,101,124.5,47
The Notorious B.I.G.,Ready to Die,1994,227,22,124.5,205
Curtis Mayfield,Superfly,1972,174,76,125,98
Otis Redding,Otis Blue,1965,74,178,126,104
Liz Phair,Exile in Guyville,1993,200,56,128,144
Blondie,Parallel Lines,1978,112,146,129,34
Elton John,Goodbye Yellow Brick Road,1973,150,112,131,38
Bob Dylan,Bringing It All Back Home,1965,85,181,133,96
Metallica,Master of Puppets,1986,175,97,136,78
Nirvana,In Utero,1993,100,173,136.5,73
Queen,A Night at the Opera,1975,147,128,137.5,19
Bruce Springsteen,Born in the U.S.A.,1984,135,142,138.5,7
Led Zeppelin,Physical Graffiti,1975,136,144,140,8
Bob Marley and The Wailers,Exodus,1977,210,71,140.5,139
Massive Attack,Blue Lines,1991,43,241,142,198
Nine Inch Nails,The Downward Spiral,1994,162,122,142,40
Joy Division,Unknown Pleasures,1979,78,211,144.5,133
Bruce Springsteen,Nebraska,1982,139,150,144.5,11
Wilco,Yankee Hotel Foxtrot,2001,65,225,145,160
Pulp,Different Class,1995,129,162,145.5,33
Pavement,Slanted and Enchanted,1992,94,199,146.5,105
Kanye West,The College Dropout,2004,219,74,146.5,145
Pink Floyd,The Wall,1979,166,129,147.5,37
Bob Marley and The Wailers,Catch a Fire,1973,156,140,148,16
Black Sabbath,Paranoid,1970,160,139,149.5,21
Pearl Jam,Ten,1991,142,160,151,18
Joni Mitchell,Court and Spark,1974,195,110,152.5,85
Pretenders,Pretenders,1980,153,152,152.5,1
Public Enemy,Fear of a Black Planet,1990,130,176,153,46
Johnny Cash,At Folsom Prison,1968,145,164,154.5,19
Simon and Garfunkel,Bridge Over Troubled Water,1970,138,172,155,34
Sly and the Family Stone,Stand!,1969,193,119,156,74
Derek and The Dominos,Layla and Other Assorted Love Songs,1970,89,226,157.5,137
The Who,Tommy,1969,132,190,161,58
The Original Soundtrack,Saturday Night Fever,1977,161,163,162,2
The Jimi Hendrix Experience,Axis: Bold As Love,1967,233,92,162.5,141
David Bowie,Low,1977,122,206,164,84
Oasis,Definitely Maybe,1994,111,217,164,106
John Lennon,Imagine,1971,106,223,164.5,117
The Velvet Underground,The Velvet Underground,1969,188,143,165.5,45
Prince and The Revolution,1999,1982,207,130,168.5,77
Eminem,The Marshall Mathers LP,2000,192,145,168.5,47
Hole,Live Through This,1994,236,106,171,130
Leonard Cohen,Songs of Leonard Cohen,1967,149,195,172,46
Kraftwerk,Trans Europa Express/Trans-Europe Express,1977,117,238,177.5,121
Lucinda Williams,Car Wheels on a Gravel Road,1998,257,98,177.5,159
Kendrick Lamar,DAMN.,2017,181,175,178,6
T. Rex,Electric Warrior,1971,170,188,179,18
Radiohead,The Bends,1995,84,276,180,192
The Replacements,Let It Be,1984,205,156,180.5,49
Joy Division,Closer,1980,55,309,182,254
Eric B. & Rakim,Paid in Full,1987,307,61,184,246
"Crosby, Stills, Nash & Young",Déjà Vu,1970,157,220,188.5,63
Beastie Boys,Licensed to Ill,1986,186,192,189,6
The Cure,Disintegration,1989,262,116,189,146
Steely Dan,Aja,1977,318,63,190.5,255
Rod Stewart,Every Picture Tells a Story,1971,206,177,191.5,29
The Stone Roses,The Stone Roses,1989,67,319,193,252
David Bowie,Station to Station,1976,335,52,193.5,283
Cream,Disraeli Gears,1967,221,170,195.5,51
Björk,Homogenic,1997,189,202,195.5,13
Pink Floyd,The Piper at the Gates of Dawn,1967,140,253,196.5,113
Red Hot Chili Peppers,Blood Sugar Sex Magik,1991,217,186,201.5,31
Fugees,The Score,1996,272,134,203,138
DJ Shadow,Endtroducing...,1996,79,329,204,250
OutKast,Aquemini,1998,367,49,208,318
Alanis Morissette,Jagged Little Pill,1995,348,69,208.5,279
Ray Charles,Modern Sounds in Country and Western Music,1962,297,127,212,170
Rage Against the Machine,Rage Against the Machine,1992,203,221,212,18
Bob Dylan,The Freewheelin' Bob Dylan,1963,177,255,216,78
Run-D.M.C.,Raising Hell,1986,225,209,217,16
Beyoncé,Beyoncé,2013,354,81,217.5,273
The Police,Synchronicity,1983,279,159,219,120
Gang of Four,Entertainment!,1979,171,273,222,102
Neil Young & Crazy Horse,Rust Never Sleeps,1979,158,296,227,138
Daft Punk,Discovery,2001,218,236,227,18
Metallica,Metallica,1991,220,235,227.5,15
Kanye West,Yeezus,2013,187,269,228,82
Janis Joplin,Pearl,1971,202,259,230.5,57
Tom Waits,Rain Dogs,1985,105,357,231,252
The Byrds,Sweetheart of the Rodeo,1968,190,274,232,84
Elvis Presley,Elvis Presley,1956,133,332,232.5,199
Elliott Smith,Either/Or,1997,253,216,234.5,37
The Velvet Underground,White Light/White Heat,1968,199,272,235.5,73
Beck,Odelay,1996,50,424,237,374
D'Angelo,Voodoo,2000,447,28,237.5,419
Pink Floyd,Wish You Were Here,1975,212,264,238,52
Radiohead,In Rainbows,2007,91,387,239,296
Solange,A Seat at the Table,2016,167,312,239.5,145
Vampire Weekend,Modern Vampires of the City,2013,152,328,240,176
New York Dolls,New York Dolls,1973,180,301,240.5,121
Smashing Pumpkins,Siamese Dream,1993,141,341,241,200
PJ Harvey,Rid of Me,1993,330,153,241.5,177
The Beatles,A Hard Day's Night,1964,222,263,242.5,41
The Rolling Stones,Aftermath,1966,155,330,242.5,175
Björk,Post,1995,197,289,243,92
Roxy Music,For Your Pleasure,1973,137,351,244,214
Kanye West,Late Registration,2005,371,117,244,254
Robyn,Body Talk,2010,296,196,246,100
The Modern Lovers,The Modern Lovers,1976,208,288,248,80
Nick Drake,Pink Moon,1972,301,203,252,98
Neil Young,Tonight's the Night,1975,204,302,253,98
The Velvet Underground,Loaded,1970,268,242,255,26
Pixies,Surfer Rosa,1988,123,390,256.5,267
Arcade Fire,Funeral,2004,24,500,262,476
The White Stripes,Elephant,2003,81,449,265,368
The Zombies,Odessey and Oracle,1968,288,243,265.5,45
Peter Gabriel,So,1986,234,297,265.5,63
Missy Misdemeanor Elliott,Supa Dupa Fly,1997,448,93,270.5,355
The Beatles,Meet the Beatles!,1963,345,197,271,148
Van Halen,Van Halen,1978,250,292,271,42
Primal Scream,Screamadelica,1991,107,437,272,330
Bob Marley and the Wailers,Legend,1984,,48,274.5,
Santana,Abraxas,1970,216,334,275,118
Nirvana,MTV Unplugged in New York,1994,271,279,275,8
Chuck Berry,The Great Twenty-Eight,1982,,51,276,
LCD Soundsystem,Sound of Silver,2007,119,433,276,314
Fiona Apple,The Idler Wheel…,2012,339,213,276,126
James Brown,Star Time,1991,,54,277.5,
Depeche Mode,Violator,1990,390,167,278.5,223
Elvis Costello,My Aim Is True,1977,131,430,280.5,299
John Coltrane,Giant Steps,1960,331,232,281.5,99
Devo,Q: Are We Not Men? A: We Are Devo!,1978,314,252,283,62
Jay-Z,Reasonable Doubt,1996,,67,284,
Erykah Badu,Baduizm,1997,479,89,284,390
The Kinks,The Kinks Are the Village Green Preservation Society,1968,185,384,284.5,199
Minutemen,Double Nickels on the Dime,1984,305,267,286,38
Weezer,Weezer (The Blue Album),1994,278,294,286,16
David Bowie,★ [Blackstar],2016,72,,286.5,
Frank Sinatra,In the Wee Small Hours,1955,293,282,287.5,11
MC5,Kick Out the Jams,1969,228,349,288.5,121
Captain Beefheart & His Magic Band,Trout Mask Replica,1969,76,,288.5,
Elvis Presley,The Sun Sessions,1976,,78,289.5,
The Byrds,Mr. Tambourine Man,1965,299,287,293,12
The Jesus and Mary Chain,Psychocandy,1985,86,,293.5,
PJ Harvey,"Stories from the City, Stories from the Sea",2000,274,313,293.5,39
OutKast,Speakerboxxx/The Love Below,2003,298,290,294,8
Sufjan Stevens,Illinois,2005,95,,298,
Drake,Take Care,2011,,95,298,
Funkadelic,Maggot Brain,1971,462,136,299,326
Taylor Swift,Red,2012,,99,300,
"Crosby, Stills & Nash","Crosby, Stills & Nash",1969,440,161,300.5,279
Lana Del Rey,Norman Fucking Rockwell!,2019,280,321,300.5,41
Wire,Pink Flag,1977,292,310,301,18
Blur,Parklife,1994,164,438,301,274
Elvis Presley,From Elvis in Memphis,1969,284,322,303,38
Big Brother and The Holding Company,Cheap Thrills,1968,235,372,303.5,137
Creedence Clearwater Revival,Willy and the Poor Boys,1969,414,193,303.5,221
Fiona Apple,When the Pawn...,1999,,108,304.5,
The Flaming Lips,The Soft Bulletin,1999,110,,305.5,
Janet Jackson,Control,1986,,111,306,
Grateful Dead,American Beauty,1970,401,215,308,186
Sufjan Stevens,Carrie & Lowell,2015,115,,308,
Pavement,"Crooked Rain, Crooked Rain",1994,183,434,308.5,251
Neutral Milk Hotel,In the Aeroplane Over the Sea,1998,242,376,309,134
Funkadelic,One Nation Under a Groove,1978,259,360,309.5,101
Little Richard,Here's Little Richard,1957,393,227,310,166
New Order,"Power, Corruption & Lies",1983,358,262,310,96
Daft Punk,Random Access Memories,2013,325,295,310,30
Arcade Fire,The Suburbs,2010,120,,310.5,
Creedence Clearwater Revival,Cosmo's Factory,1970,209,413,311,204
Sleater-Kinney,Dig Me Out,1997,437,189,313,248
Iggy and The Stooges,Raw Power,1973,126,,313.5,
Mary J. Blige,My Life,1994,,126,313.5,
Eno,Another Green World,1975,290,338,314,48
Hank Williams,40 Greatest Hits,1978,,132,316.5,
Joni Mitchell,Hejira,1976,,133,317,
Big Star,3rd/Sister Lovers,1978,351,285,318,66
Marvin Gaye,Let's Get It On,1973,215,422,318.5,207
The Who,Live at Leeds,1970,311,327,319,16
Adele,21,2011,,137,319,
The B-52's,The B-52's,1979,441,198,319.5,243
Madonna,The Immaculate Collection,1990,,138,319.5,
The Magnetic Fields,69 Love Songs,1999,238,406,322,168
Parliament,Mothership Connection,1975,282,363,322.5,81
Tom Waits,Swordfishtrombones,1983,144,,322.5,
Neil Young with Crazy Horse,Everybody Knows This Is Nowhere,1969,239,407,323,168
Madonna,Ray of Light,1998,425,222,323.5,203
The Who,The Who Sell Out,1967,333,316,324.5,17
John Prine,John Prine,1971,,149,325,
George Michael,Faith,1987,,151,326,
Air,Moon Safari,1998,151,,326,
Jefferson Airplane,Surrealistic Pillow,1967,182,471,326.5,289
King Crimson,In the Court of the Crimson King,1969,154,,327.5,
Aretha Franklin,Amazing Grace,1972,,154,327.5,
Jay-Z,The Black Album,2003,,155,328,
Beastie Boys,Check Your Head,1992,396,261,328.5,135
Erykah Badu,Mama's Gun,2000,,158,329.5,
D'Angelo,Black Messiah,2014,264,395,329.5,131
Björk,Debut,1993,159,,330,
B.B. King,Live at the Regal,1965,362,299,330.5,63
Madonna,Like a Prayer,1989,332,331,331.5,1
Daft Punk,Homework,1997,165,,333,
Buddy Holly,20 Golden Greats,1978,,166,333.5,
Steely Dan,Can't Buy a Thrill,1972,,168,334.5,
Arctic Monkeys,"Whatever People Say I Am, That's What I'm Not",2006,168,,334.5,
Billy Joel,The Stranger,1977,,169,335,
James Taylor,Sweet Baby James,1970,489,182,335.5,307
Tricky,Maxinquaye,1995,172,,336.5,
The White Stripes,White Blood Cells,2001,173,,337,
Jimmy Cliff & Various Artists,The Harder They Come: Original Soundtrack,1972,,174,337.5,
PJ Harvey,To Bring You My Love,1995,176,,338.5,
Tame Impala,Currents,2015,295,382,338.5,87
Tracy Chapman,Tracy Chapman,1988,422,256,339,166
Nick Drake,Five Leaves Left,1969,178,,339.5,
George Harrison,All Things Must Pass,1970,312,368,340,56
The Notorious B.I.G.,Life After Death,1997,,179,340,
Coldplay,A Rush of Blood to the Head,2002,356,324,340,32
Burial,Untrue,2007,179,,340,
Belle and Sebastian,If You're Feeling Sinister,1996,201,481,341,280
Randy Newman,Sail Away,1972,415,268,341.5,147
The Stooges,The Stooges,1969,196,488,342,292
D'Angelo,Brown Sugar,1995,,183,342,
Cyndi Lauper,She's So Unusual,1983,,184,342.5,
The Smiths,The Smiths,1984,184,,342.5,
Massive Attack,Mezzanine,1998,304,383,343.5,79
Ice Cube,AmeriKKKa's Most Wanted,1990,,187,344,
The Flying Burrito Bros,The Gilded Palace of Sin,1969,229,462,345.5,233
Etta James,At Last!,1961,,191,346,
Bob Marley and The Wailers,Natty Dread,1974,191,,346,
Green Day,American Idiot,2004,444,248,346,196
Michael Jackson,Bad,1987,,194,347.5,
Green Day,Dookie,1994,320,375,347.5,55
The Beatles,Meet the Beatles!,1964,,197,349,
Bon Iver,"For Emma, Forever Ago",2007,237,461,349,224
The Specials,Specials,1979,198,,349.5,
TLC,CrazySexyCool,1994,481,218,349.5,263
Lorde,Melodrama,2017,240,460,350,220
Sade,Diamond Life,1984,,200,350.5,
A Tribe Called Quest,Midnight Marauders,1993,,201,351,
Tori Amos,Little Earthquakes,1992,470,233,351.5,237
Kanye West,Graduation,2007,,204,352.5,
Cat Stevens,Tea for the Tillerman,1970,,205,353,
Eagles,Eagles,1972,,207,354,
Lil Wayne,Tha Carter III,2008,,208,354.5,
Suicide,Suicide,1977,213,498,355.5,285
Ray Charles,The Birth of Soul,1991,,210,355.5,
Animal Collective,Merriweather Post Pavilion,2009,211,,356,
Nina Simone,Wild Is the Wind,1966,,212,356.5,
Eminem,The Slim Shady LP,1999,361,352,356.5,9
Tom Petty,Wildflowers,1994,,214,357.5,
PJ Harvey,Let England Shake,2011,214,,357.5,
Isaac Hayes,Hot Buttered Soul,1969,344,373,358.5,29
Ornette Coleman,The Shape of Jazz to Come,1959,303,417,360,114
Raekwon,Only Built 4 Cuban Linx,1995,,219,360,
Kacey Musgraves,Golden Hour,2018,453,270,361.5,183
Bob Dylan and The Band,The Basement Tapes,1975,389,335,362,54
Hüsker Dü,Zen Arcade,1984,223,,362,
Gram Parsons,Grievous Angel,1974,224,,362.5,
Dixie Chicks,Fly,1999,,224,362.5,
Portishead,Third,2008,226,,363.5,
Willie Nelson,Red Headed Stranger,1975,491,237,364,254
De La Soul,De La Soul Is Dead,1991,,228,364.5,
Patsy Cline,The Ultimate Collection,2000,,229,365,
The War on Drugs,Lost in the Dream,2014,230,,365.5,
Rihanna,Anti,2016,,230,365.5,
Tom Petty and the Heartbreakers,Damn the Torpedoes,1979,,231,366,
Sigur Rós,Agætis byrjun,1999,231,,366,
The Chemical Brothers,Dig Your Own Hole,1997,232,,366.5,
Black Sabbath,Master of Reality,1971,,234,367.5,
Eno,Here Come the Warm Jets,1974,432,308,370,124
Boogie Down Productions,Criminal Minded,1987,,239,370,
Sam Cooke,"Live at the Harlem Square Club, 1963",1985,,240,370.5,
Spiritualized,Ladies and Gentlemen We Are Floating in Space,1997,241,,371,
Interpol,Turn On the Bright Lights,2002,243,,372,
Public Image Ltd.,Metal Box/Second Edition,1979,244,,372.5,
Prince,Dirty Mind,1980,419,326,372.5,93
Kanye West,808s & Heartbreak,2008,,244,372.5,
Cocteau Twins,Heaven or Las Vegas,1990,,245,373,
LCD Soundsystem,This Is Happening,2010,245,,373,
LL Cool J,Mama Said Knock You Out,1991,,246,373.5,
The xx,xx,2009,246,,373.5,
Herbie Hancock,Head Hunters,1973,494,254,374,240
Sade,Love Deluxe,1992,,247,374,
Franz Ferdinand,Franz Ferdinand,2004,247,,374,
Arctic Monkeys,AM,2013,402,346,374,56
M.I.A.,Kala,2007,248,,374.5,
Talking Heads,More Songs About Buildings and Food,1978,386,364,375,22
Whitney Houston,Whitney Houston,1985,,249,375,
Fleet Foxes,Fleet Foxes,2008,249,,375,
Buzzcocks,Singles Going Steady,1979,,250,375.5,
Elton John,Honky Château,1972,,251,376,
The Flaming Lips,Yoshimi Battles the Pink Robots,2002,251,,376,
Kraftwerk,Die Mensch Maschine/The Man Machine,1978,252,,376.5,
Big Star,Radio City,1974,395,359,377,36
Robert Wyatt,Rock Bottom,1974,254,,377.5,
Lou Reed,Berlin,1973,255,,378,
M.I.A.,Arular,2005,336,421,378.5,85
Beach House,Teen Dream,2010,256,,378.5,
Dolly Parton,Coat of Many Colors,1971,,257,379,
The Who,My Generation/The Who Sings My Generation,1965,258,,379.5,
Joni Mitchell,The Hissing of Summer Lawns,1975,,258,379.5,
The Slits,Cut,1979,,260,380.5,
Soundgarden,Superunknown,1994,260,,380.5,
Can,Tago Mago,1971,261,,381,
The Mothers of Invention,Freak Out!,1966,263,,382,
Al Green,Call Me,1973,338,427,382.5,89
Pavement,Wowee Zowee,1995,,265,383,
The Streets,Original Pirate Material,2002,265,,383,
The Beatles,Help!,1965,,266,383.5,
The Smashing Pumpkins,Mellon Collie and the Infinite Sadness,1995,266,,383.5,
Bob Dylan,Time Out of Mind,1997,267,,384,
Madvillain,Madvillainy,2004,404,365,384.5,39
David Bowie,"""Heroes""",1977,269,,385,
The Human League,Dare!,1981,270,,385.5,
The Breeders,Last Splash,1993,478,293,385.5,185
Mary J. Blige,What's the 411?,1992,,271,386,
Charles Mingus,Mingus Ah Um,1959,394,380,387,14
The Doors,L.A. Woman,1971,273,,387,
Curtis Mayfield,Curtis,1970,,275,388,
The Verve,Urban Hymns,1997,275,,388,
Nick Drake,Bryter Layter,1971,276,,388.5,
Ramones,Rocket to Russia,1977,392,385,388.5,7
Roxy Music,Roxy Music,1972,277,,389,
Alicia Keys,The Diary of Alicia Keys,2003,,277,389,
Led Zeppelin,Houses of the Holy,1973,,278,389.5,
X,Los Angeles,1980,459,320,389.5,139
The Clash,Sandinista!,1980,458,323,390.5,135
50 Cent,Get Rich or Die Tryin',2002,,280,390.5,
Harry Nilsson,Nilsson Schmilsson,1971,,281,391,
Bon Iver,"Bon Iver, Bon Iver",2011,281,,391,
Donna Summer,Bad Girls,1975,,283,392,
Talking Heads,Fear of Music,1979,283,,392,
Merle Haggard,Down Every Road: 1962-1994,1996,,284,392.5,
Radiohead,A Moon Shaped Pool,2016,285,,393,
Todd Rundgren,Something/Anything?,1972,391,396,393.5,5
AC/DC,Highway to Hell,1979,286,,393.5,
Red Hot Chili Peppers,Californication,1999,,286,393.5,
Queens of the Stone Age,Songs for the Deaf,2002,287,,394,
Antony and The Johnsons,I Am a Bird Now,2005,289,,395,
Frank Sinatra,Songs for Swingin' Lovers!,1956,291,,396,
Destiny's Child,The Writing's on the Wall,1999,,291,396,
Bob Dylan,Love and Theft,2001,382,411,396.5,29
Aerosmith,Rocks,1976,428,366,397,62
Sonic Youth,Goo,1990,436,358,397,78
The Mothers of Invention,We're Only in It for the Money,1968,294,,397.5,
Tom Petty,Full Moon Fever,1989,,298,399.5,
Shania Twain,Come On Over,1997,,300,400.5,
Vampire Weekend,Vampire Weekend,2008,300,,400.5,
The Byrds,Younger Than Yesterday,1967,302,,401.5,
ABBA,The Definitive Collection,2001,,303,402,
Bill Withers,Just As I Am,1971,,304,402.5,
Kiss,Alive!,1975,,305,403,
Al Green,I'm Still in Love with You,1972,,306,403.5,
Bruce Springsteen,The River,1980,306,,403.5,
Sam Cooke,Portrait of a Legend,2003,,307,404,
Slint,Spiderland,1991,308,,404.5,
Beastie Boys,Ill Communication,1994,309,,405,
Violent Femmes,Violent Femmes,1983,310,,405.5,
Neil Young,On the Beach,1974,,311,406,
Elvis Costello and The Attractions,Imperial Bedroom,1982,313,,407,
Aaliyah,One in a Million,1996,,314,407.5,
The Knife,Silent Shout,2006,315,,408,
Rosalía,El Mal Querer,2018,,315,408,
Pere Ubu,The Modern Dance,1978,316,,408.5,
Billie Holiday,Lady in Satin,1958,,317,409,
The Pogues,"Rum, Sodomy & the Lash",1985,317,,409,
Janet Jackson,The Velvet Rope,1997,,318,409.5,
Bob Dylan,John Wesley Harding,1967,483,337,410,146
The Byrds,The Notorious Byrd Brothers,1968,319,,410,
Serge Gainsbourg,Histoire de Melody Nelson,1971,321,,411,
Prefab Sprout,Steve McQueen/Two Wheels Good,1985,322,,411.5,
Slayer,Reign in Blood,1986,323,,412,
Nick Cave and The Bad Seeds,Ghosteen,2019,324,,412.5,
Jerry Lee Lewis,All Killer No Filler!,1993,,325,413,
Dave Brubeck Quartet,Time Out,1959,326,,413.5,
FKA twigs,LP1,2014,327,,414,
Kraftwerk,Autobahn,1974,328,,414.5,
Joanna Newsom,Ys,2006,329,,415,
Bill Withers,Still Bill,1972,,333,417,
"Bonnie ""Prince"" Billy",I See a Darkness,1999,334,,417.5,
Roxy Music,Avalon,1982,,336,418.5,
Deep Purple,Machine Head,1972,337,,419,
Janet Jackson,Rhythm Nation 1814,1989,,339,420,
Snoop Doggy Dogg,Doggystyle,1993,,340,420.5,
Moby,Play,1999,340,,420.5,
The Jam,All Mod Cons,1978,341,,421,
The Beatles,Let It Be,1970,,342,421.5,
U2,War,1983,342,,421.5,
Eric Dolphy,Out to Lunch!,1964,343,,422,
The Kinks,Something Else by the Kinks,1967,366,478,422,112
Sly & the Family Stone,Greatest Hits,1970,,343,422,
Toots & the Maytals,Funky Kingston,1973,,344,422.5,
Bruce Springsteen,"The Wild, the Innocent & the E Street Shuffle",1973,,345,423,
Yo La Tengo,I Can Hear the Heart Beating As One,1997,423,423,423,0
Brian Eno - David Byrne,My Life in the Bush of Ghosts,1981,346,,423.5,
Frank Zappa,Hot Rats,1969,347,,424,
GZA,Liquid Swords,1995,,347,424,
Gillian Welch,Time (The Revelator),2001,,348,424.5,
The Libertines,Up the Bracket,2002,349,,425,
Stevie Wonder,Music of My Mind,1972,,350,425.5,
R.E.M.,Out of Time,1991,350,,425.5,
Black Sabbath,Black Sabbath,1970,497,355,426,142
Beck,Mellow Gold,1994,352,,426.5,
The Cars,The Cars,1978,,353,427,
Beck,Sea Change,2002,353,,427,
Yeah Yeah Yeahs,Fever to Tell,2003,477,377,427,100
X-Ray Spex,Germfree Adolescents,1978,,354,427.5,
Deerhunter,Halcyon Digest,2010,355,,428,
Dr. John,Gris-Gris,1968,,356,428.5,
Courtney Barnett,"Sometimes I Sit and Think, and Sometimes I Just Sit",2015,357,,429,
Hüsker Dü,New Day Rising,1985,431,428,429.5,3
Nick Cave & The Bad Seeds,Skeleton Tree,2016,359,,430,
The National,Boxer,2007,360,,430.5,
My Chemical Romance,The Black Parade,2006,,361,431,
Luther Vandross,Never Too Much,1981,,362,431.5,
Mercury Rev,Deserter's Songs,1998,363,,432,
Black Flag,Damaged,1981,378,487,432.5,109
Johnny Cash,American Recordings,1994,364,,432.5,
Miles Davis,Classics in Jazz/Birth of the Cool,1954,365,,433,
Drake,If You're Reading This It's Too Late,2015,,367,434,
Grateful Dead,Workingman's Dead,1970,460,409,434.5,51
TV on the Radio,Return to Cookie Mountain,2006,368,,434.5,
Mobb Deep,The Infamous,1995,,369,435,
Dizzee Rascal,Boy in da Corner,2003,369,,435,
Miles Davis,In a Silent Way,1969,370,,435.5,
Lil Wayne,Tha Carter II,2005,,370,435.5,
The Temptations,Anthology,1973,,371,436,
Simon and Garfunkel,Bookends,1968,372,,436.5,
Talking Heads,Talking Heads: 77,1977,373,,437,
Robert Johnson,King of the Delta Blues Singers,1961,,374,437.5,
The Avalanches,Since I Left You,2000,374,,437.5,
Iggy Pop,Lust for Life,1977,375,,438,
John Cale,Paris 1919,1973,376,,438.5,
Happy Mondays,Pills 'n' Thrills and Bellyaches,1990,377,,439,
Run-D.M.C.,Run-D.M.C.,1983,,378,439.5,
Miles Davis,Sketches of Spain,1960,379,,440,
Rush,Moving Pictures,1981,,379,440,
Sonic Youth,Sister,1987,380,,440.5,
Lynyrd Skynyrd,(Pronounced 'L?h-'nérd 'Skin-'nérd),1973,,381,441,
Aphex Twin,Selected Ambient Works 85-92,1992,381,,441,
Sonny Rollins,Saxophone Colossus,1957,383,,442,
Creedence Clearwater Revival,Green River,1969,384,,442.5,
The Rolling Stones,Some Girls,1978,417,468,442.5,51
Bob Marley and The Wailers,Live!,1975,385,,443,
J Dilla,Donuts,2006,,386,443.5,
Grateful Dead,Live / Dead,1969,387,,444,
Stan Getz and João Gilberto,Getz/Gilberto [featuring Antônio Carlos Jobim],1964,388,,444.5,
Aretha Franklin,"Young, Gifted and Black",1972,,388,444.5,
Mariah Carey,The Emancipation of Mimi,2005,,389,445,
Sinéad O'Connor,I Do Not Want What I Haven't Got,1990,434,457,445.5,23
Kelis,Kaleidoscope,1999,,391,446,
Ike & Tina Turner,Proud Mary: The Best of Ike and Tina Turner,1991,,392,446.5,
Taylor Swift,1989,2014,,393,447,
Diana Ross,Diana,1980,,394,447.5,
Mike Oldfield,Tubular Bells,1973,397,,449,
Billie Eilish,"When We All Fall Asleep, Where Do We Go?",2019,,397,449,
The Raincoats,The Raincoats,1979,,398,449.5,
Boards of Canada,Music Has the Right to Children,1998,398,,449.5,
James Brown,Sex Machine,1970,461,439,450,22
ABC,The Lexicon of Love,1982,399,,450,
Brian Wilson,Smile,2004,,399,450,
The Go-Go's,Beauty and the Beat,1981,,400,450.5,
R.E.M.,Document,1987,400,,450.5,
Blondie,Blondie,1977,,401,451,
Fela Kuti & Africa 70,Expensive Shit,1975,,402,451.5,
Steely Dan,Pretzel Logic,1974,403,,452,
Ghostface Killah,Supreme Clientele,2000,,403,452,
Anita Baker,Rapture,1986,,404,452.5,
Various Artists,Nuggets: Original Artyfacts from the First Psychedelic Era,1972,,405,453,
Aerosmith,Toys in the Attic,1975,405,,453,
IDLES,Joy as an Act of Resistance,2018,406,,453.5,
Jamie xx,In Colour,2015,407,,454,
The Crickets,"The ""Chirping"" Crickets",1957,408,,454.5,
Motörhead,Ace of Spades,1980,,408,454.5,
Tame Impala,Lonerism,2012,409,,455,
The Beach Boys,Wild Honey,1967,,410,455.5,
Buena Vista Social Club,Buena Vista Social Club,1997,410,,455.5,
Richard and Linda Thompson,I Want to See the Bright Lights Tonight,1974,427,485,456,58
The National,High Violet,2010,411,,456,
Charles Mingus,The Black Saint and the Sinner Lady,1963,412,,456.5,
Smokey Robinson,Going to a Go Go,1965,,412,456.5,
Talk Talk,Spirit of Eden,1988,413,,457,
SZA,Ctrl,2017,442,472,457,30
Chic,Risqué,1979,,414,457.5,
The Meters,Looka Py Py,1969,,415,458,
Tortoise,Millions Now Living Will Never Die,1996,416,,458.5,
The Roots,Things Fall Apart,1999,,416,458.5,
The Police,Reggatta de Blanc,1979,418,,459.5,
Dire Straits,Brothers in Arms,1985,,418,459.5,
Eric Church,Chief,2011,,419,460,
"Earth, Wind & Fire",That's the Way of the World,1975,,420,460.5,
Dexys Midnight Runners,Searching for the Young Soul Rebels,1980,420,,460.5,
Dead Kennedys,Fresh Fruit for Rotting Vegetables,1980,421,,461,
Grimes,Visions,2012,424,,462.5,
Paul Simon,Paul Simon,1972,,425,463,
Elvis Costello and The Attractions,Armed Forces,1979,426,,463.5,
Lucinda Williams,Lucinda Williams,1988,,426,463.5,
The Four Tops,Reach Out,1967,,429,465,
Iron Maiden,The Number of the Beast,1982,429,,465,
TV on the Radio,Dear Science,2008,430,,465.5,
Los Lobos,How Will the Wolf Survive?,1984,,431,466,
Usher,Confessions,2004,,432,466.5,
Kraftwerk,Computerwelt / Computer World,1981,433,,467,
Pet Shop Boys,Actually,1987,,435,468,
New Order,Technique,1989,435,,468,
2Pac,All Eyez on Me,1996,,436,468.5,
James Blake,James Blake,2011,438,,469.5,
Donald Fagen,The Nightfly,1982,439,,470,
Loretta Lynn,Coal Miner's Daughter,1971,,440,470.5,
Britney Spears,Blackout,2007,,441,471,
The Weeknd,Beauty Behind the Madness,2015,,442,471.5,
Paul McCartney and Wings,Band on the Run,1973,443,,472,
David Bowie,Scary Monsters,1980,,443,472,
Fiona Apple,Extraordinary Machine,2005,,444,472.5,
Randy Newman,12 Songs,1970,445,,473,
Yes,Close to the Edge,1972,,445,473,
Alice Coltrane,Journey in Satchidananda,1971,,446,473.5,
Panda Bear,Person Pitch,2007,446,,473.5,
Bad Bunny,X 100pre,2018,,447,474,
Otis Redding,Dictionary of Soul,1966,,448,474.5,
Albert Ayler,Spiritual Unity,1965,449,,475,
Paul & Linda McCartney,Ram,1971,,450,475.5,
Björk,Vespertine,2001,450,,475.5,
Roberta Flack,First Take,1969,,451,476,
Modest Mouse,The Moon & Antarctica,2000,451,,476,
John Mayall,Blues Breakers with Eric Clapton,1966,452,,476.5,
Diana Ross & The Supremes,Anthology,1974,,452,476.5,
Big Star,#1 Record,1972,480,474,477,6
Nine Inch Nails,Pretty Hate Machine,1989,,453,477,
Deep Purple,Deep Purple in Rock,1970,454,,477.5,
Can,Ege Bamyasi,1972,,454,477.5,
Manu Chao,Clandestino,1998,486,469,477.5,17
Bo Diddley,Bo Diddley/Go Bo Diddley,1958,,455,478,
Elliott Smith,XO,1998,455,,478,
Fairport Convention,Liege and Lief,1969,456,,478.5,
Al Green,Greatest Hits,1975,,456,478.5,
Run the Jewels,Run the Jewels 2,2014,457,,479,
Jason Isbell,Southeastern,2013,,458,479.5,
Kid Cudi,Man on the Moon: The End of the Day,2019,,459,480,
Laura Nyro,Eli and the Thirteenth Confession,1968,,463,482,
Leftfield,Leftism,1995,463,,482,
The Isley Brothers,3x3,1973,,464,482.5,
The Prodigy,Music for the Jilted Generation,1994,464,,482.5,
Lou Reed,New York,1989,465,,483,
King Sunny Adé,The Best of the Classic Years,2003,,465,483,
The Beach Boys,The Beach Boys Today!,1965,,466,483.5,
Jane's Addiction,Nothing's Shocking,1988,466,,483.5,
The Who,Quadrophenia,1973,467,,484,
Maxwell,BLACKsummers'night,2009,,467,484,
Leonard Cohen,Songs of Love and Hate,1971,468,,484.5,
LCD Soundsystem,LCD Soundsystem,2005,469,,485,
Juvenile,400 Degreez,1998,,470,485.5,
Led Zeppelin,Led Zeppelin III,1970,471,,486,
The Beatles,Please Please Me/Introducing...The Beatles,1963,472,,486.5,
The Shins,Chutes Too Narrow,2003,473,,487,
Daddy Yankee,Barrio Fino,2004,,473,487,
The Police,Outlandos D'Amour,1978,474,,487.5,
Sheryl Crow,Sheryl Crow,1996,,475,488,
Fatboy Slim,"You've Come a Long Way, Baby",1998,475,,488,
Sparks,Kimono My House,1974,,476,488.5,
Richard and Linda Thompson,Shoot Out the Lights,1982,476,,488.5,
Howlin' Wolf,Moanin' in the Moonlight,1959,,477,489,
Selena,Amor Prohibido,1994,,479,490,
Miranda Lambert,Weight of These Wings,2016,,480,490.5,
The Pharcyde,Bizarre Ride II The Pharcyde,1992,,482,491.5,
PJ Harvey,Dry,1992,482,,491.5,
Muddy Waters,The Anthology,2001,,483,492,
Jethro Tull,Aqualung,1971,484,,492.5,
Lady Gaga,Born This Way,2011,,484,492.5,
Grizzly Bear,Veckatimest,2009,485,,493,
John Mayer,Continuum,2006,,486,493.5,
Weyes Blood,Titanic Rising,2019,487,,494,
Broken Social Scene,You Forgot It in People,2002,488,,494.5,
Phil Spector & Various Artists,Back to Mono (1958-1969),1991,,489,495,
Linda Ronstadt,Heart Like a Wheel,1975,,490,495.5,
Echo and the Bunnymen,Ocean Rain,1984,490,,495.5,
Harry Styles,Fine Line,2019,,491,496,
Bonnie Raitt,Nick of Time,1989,,492,496.5,
Talk Talk,Laughing Stock,1991,492,,496.5,
Marvin Gaye,"Here, My Dear",1978,,493,497,
Jane's Addiction,Ritual De Lo Habitual,1990,493,,497,
The Ronettes,Presenting the Fabulous Ronettes,1964,,494,497.5,
Bill Evans,Sunday at the Village Vanguard,1961,495,,498,
Boyz II Men,II,1991,,495,498,
Shakira,Dónde Están los Ladrones,1998,,496,498.5,
Angel Olsen,All Mirrors,2019,496,,498.5,
Various Artists,The Indestructible Beat of Soweto,1985,,497,499,
Ryan Adams,Heartbreaker,2000,498,,499.5,
Rufus & Chaka Khan,Ask Rufus,1977,,499,500,
FKA twigs,Magdalene,2019,499,,500,
The Prodigy,The Fat of the Land,1997,500,,500.5,